Workbook

Sheet Dashboard
A1: ULTRAS — PROJECT DASHBOARD
A3: 16-week portfolio MVP beginning 18 August 2026. Update the Task Tracker and this dashboard recalculates.
A5: ="TOTAL TASKS"&CHAR(10)&COUNTA('Task Tracker'!$A$6:$A$212) -> TOTAL TASKS 207 | D5: ="COMPLETE"&CHAR(10)&COUNTIF('Task Tracker'!$J$6:$J$212,"Complete") -> COMPLETE 2 | G5: ="OVERALL PROGRESS"&CHAR(10)&TEXT(AVERAGE('Task Tracker'!$K$6:$K$212),"0%") -> OVERALL PROGRESS 1% | J5: ="OVERDUE"&CHAR(10)&COUNTIF('Task Tracker'!$Q$6:$Q$212,"Overdue") -> OVERDUE 0
A9: Progress by phase | G9: Task status
A10: Phase | B10: Tasks | C10: Complete | D10: Progress | E10: Est. Hours | F10: State
A11: ='Dashboard Data'!D2 -> Discovery & Scope | B11: =COUNTIF('Task Tracker'!$B$6:$B$212,A11) -> 17 | C11: =COUNTIFS('Task Tracker'!$B$6:$B$212,A11,'Task Tracker'!$J$6:$J$212,"Complete") -> 2 | D11: ='Dashboard Data'!E2 -> 0.11764706 | E11: =SUMIF('Task Tracker'!$B$6:$B$212,A11,'Task Tracker'!$L$6:$L$212) -> 36 | F11: =IF(D11=1,"Complete",IF(D11>0,"In Progress","Not Started")) -> In Progress
A12: ='Dashboard Data'!D3 -> UX & Product Design | B12: =COUNTIF('Task Tracker'!$B$6:$B$212,A12) -> 14 | C12: =COUNTIFS('Task Tracker'!$B$6:$B$212,A12,'Task Tracker'!$J$6:$J$212,"Complete") -> 0 | D12: ='Dashboard Data'!E3 -> 0 | E12: =SUMIF('Task Tracker'!$B$6:$B$212,A12,'Task Tracker'!$L$6:$L$212) -> 41.5 | F12: =IF(D12=1,"Complete",IF(D12>0,"In Progress","Not Started")) -> Not Started
A13: ='Dashboard Data'!D4 -> Technical Design | B13: =COUNTIF('Task Tracker'!$B$6:$B$212,A13) -> 15 | C13: =COUNTIFS('Task Tracker'!$B$6:$B$212,A13,'Task Tracker'!$J$6:$J$212,"Complete") -> 0 | D13: ='Dashboard Data'!E4 -> 0 | E13: =SUMIF('Task Tracker'!$B$6:$B$212,A13,'Task Tracker'!$L$6:$L$212) -> 47.5 | F13: =IF(D13=1,"Complete",IF(D13>0,"In Progress","Not Started")) -> Not Started
A14: ='Dashboard Data'!D5 -> Foundation & Data | B14: =COUNTIF('Task Tracker'!$B$6:$B$212,A14) -> 24 | C14: =COUNTIFS('Task Tracker'!$B$6:$B$212,A14,'Task Tracker'!$J$6:$J$212,"Complete") -> 0 | D14: ='Dashboard Data'!E5 -> 0 | E14: =SUMIF('Task Tracker'!$B$6:$B$212,A14,'Task Tracker'!$L$6:$L$212) -> 80.5 | F14: =IF(D14=1,"Complete",IF(D14>0,"In Progress","Not Started")) -> Not Started
A15: ='Dashboard Data'!D6 -> Football Core | B15: =COUNTIF('Task Tracker'!$B$6:$B$212,A15) -> 22 | C15: =COUNTIFS('Task Tracker'!$B$6:$B$212,A15,'Task Tracker'!$J$6:$J$212,"Complete") -> 0 | D15: ='Dashboard Data'!E6 -> 0 | E15: =SUMIF('Task Tracker'!$B$6:$B$212,A15,'Task Tracker'!$L$6:$L$212) -> 79 | F15: =IF(D15=1,"Complete",IF(D15>0,"In Progress","Not Started")) -> Not Started
A16: ='Dashboard Data'!D7 -> Accounts & Community | B16: =COUNTIF('Task Tracker'!$B$6:$B$212,A16) -> 38 | C16: =COUNTIFS('Task Tracker'!$B$6:$B$212,A16,'Task Tracker'!$J$6:$J$212,"Complete") -> 0 | D16: ='Dashboard Data'!E7 -> 0 | E16: =SUMIF('Task Tracker'!$B$6:$B$212,A16,'Task Tracker'!$L$6:$L$212) -> 151.5 | F16: =IF(D16=1,"Complete",IF(D16>0,"In Progress","Not Started")) -> Not Started
A17: ='Dashboard Data'!D8 -> ML & Notifications | B17: =COUNTIF('Task Tracker'!$B$6:$B$212,A17) -> 37 | C17: =COUNTIFS('Task Tracker'!$B$6:$B$212,A17,'Task Tracker'!$J$6:$J$212,"Complete") -> 0 | D17: ='Dashboard Data'!E8 -> 0 | E17: =SUMIF('Task Tracker'!$B$6:$B$212,A17,'Task Tracker'!$L$6:$L$212) -> 137 | F17: =IF(D17=1,"Complete",IF(D17>0,"In Progress","Not Started")) -> Not Started
A18: ='Dashboard Data'!D9 -> Release & Portfolio | B18: =COUNTIF('Task Tracker'!$B$6:$B$212,A18) -> 40 | C18: =COUNTIFS('Task Tracker'!$B$6:$B$212,A18,'Task Tracker'!$J$6:$J$212,"Complete") -> 0 | D18: ='Dashboard Data'!E9 -> 0 | E18: =SUMIF('Task Tracker'!$B$6:$B$212,A18,'Task Tracker'!$L$6:$L$212) -> 166 | F18: =IF(D18=1,"Complete",IF(D18>0,"In Progress","Not Started")) -> Not Started
A27: Weekly workload and completion
A29: Week | B29: Focus | C29: Planned Tasks | D29: Complete | E29: Progress | F29: Planned Hours | H29: Current operating rule
A30: ='Weekly Plan'!A6 -> 1 | B30: ='Weekly Plan'!D6 -> Research and definition | C30: ='Weekly Plan'!F6 -> 17 | D30: ='Weekly Plan'!G6 -> 2 | E30: ='Weekly Plan'!H6 -> 0.11764706 | F30: ='Weekly Plan'!I6 -> 36 | H30: Complete or consciously reschedule unfinished critical P0 work before starting P1/P2 features.
A31: ='Weekly Plan'!A7 -> 2 | B31: ='Weekly Plan'!D7 -> UX and interface design | C31: ='Weekly Plan'!F7 -> 14 | D31: ='Weekly Plan'!G7 -> 0 | E31: ='Weekly Plan'!H7 -> 0 | F31: ='Weekly Plan'!I7 -> 41.5
A32: ='Weekly Plan'!A8 -> 3 | B32: ='Weekly Plan'!D8 -> Technical and security design | C32: ='Weekly Plan'!F8 -> 15 | D32: ='Weekly Plan'!G8 -> 0 | E32: ='Weekly Plan'!H8 -> 0 | F32: ='Weekly Plan'!I8 -> 47.5
A33: ='Weekly Plan'!A9 -> 4 | B33: ='Weekly Plan'!D9 -> Project foundation | C33: ='Weekly Plan'!F9 -> 12 | D33: ='Weekly Plan'!G9 -> 0 | E33: ='Weekly Plan'!H9 -> 0 | F33: ='Weekly Plan'!I9 -> 36.5
A34: ='Weekly Plan'!A10 -> 5 | B34: ='Weekly Plan'!D10 -> Football data integration | C34: ='Weekly Plan'!F10 -> 12 | D34: ='Weekly Plan'!G10 -> 0 | E34: ='Weekly Plan'!H10 -> 0 | F34: ='Weekly Plan'!I10 -> 44
A35: ='Weekly Plan'!A11 -> 6 | B35: ='Weekly Plan'!D11 -> Football information pages | C35: ='Weekly Plan'!F11 -> 11 | D35: ='Weekly Plan'!G11 -> 0 | E35: ='Weekly Plan'!H11 -> 0 | F35: ='Weekly Plan'!I11 -> 40
A36: ='Weekly Plan'!A12 -> 7 | B36: ='Weekly Plan'!D12 -> Live match centre | C36: ='Weekly Plan'!F12 -> 11 | D36: ='Weekly Plan'!G12 -> 0 | E36: ='Weekly Plan'!H12 -> 0 | F36: ='Weekly Plan'!I12 -> 39
A37: ='Weekly Plan'!A13 -> 8 | B37: ='Weekly Plan'!D13 -> Authentication and personalisation | C37: ='Weekly Plan'!F13 -> 12 | D37: ='Weekly Plan'!G13 -> 0 | E37: ='Weekly Plan'!H13 -> 0 | F37: ='Weekly Plan'!I13 -> 45.5 | H37: Planned completion
A38: ='Weekly Plan'!A14 -> 9 | B38: ='Weekly Plan'!D14 -> Community platform | C38: ='Weekly Plan'!F14 -> 12 | D38: ='Weekly Plan'!G14 -> 0 | E38: ='Weekly Plan'!H14 -> 0 | F38: ='Weekly Plan'!I14 -> 48 | H38: Sunday 6 December 2026 One competition • secure social MVP • explainable predictions
A39: ='Weekly Plan'!A15 -> 10 | B39: ='Weekly Plan'!D15 -> Moderation and safety | C39: ='Weekly Plan'!F15 -> 14 | D39: ='Weekly Plan'!G15 -> 0 | E39: ='Weekly Plan'!H15 -> 0 | F39: ='Weekly Plan'!I15 -> 58
A40: ='Weekly Plan'!A16 -> 11 | B40: ='Weekly Plan'!D16 -> ML dataset and baseline | C40: ='Weekly Plan'!F16 -> 12 | D40: ='Weekly Plan'!G16 -> 0 | E40: ='Weekly Plan'!H16 -> 0 | F40: ='Weekly Plan'!I16 -> 40
A41: ='Weekly Plan'!A17 -> 12 | B41: ='Weekly Plan'!D17 -> Improved ML and integration | C41: ='Weekly Plan'!F17 -> 12 | D41: ='Weekly Plan'!G17 -> 0 | E41: ='Weekly Plan'!H17 -> 0 | F41: ='Weekly Plan'!I17 -> 46
A42: ='Weekly Plan'!A18 -> 13 | B42: ='Weekly Plan'!D18 -> Notifications and official links | C42: ='Weekly Plan'!F18 -> 13 | D42: ='Weekly Plan'!G18 -> 0 | E42: ='Weekly Plan'!H18 -> 0 | F42: ='Weekly Plan'!I18 -> 51
A43: ='Weekly Plan'!A19 -> 14 | B43: ='Weekly Plan'!D19 -> Integration and optimisation | C43: ='Weekly Plan'!F19 -> 12 | D43: ='Weekly Plan'!G19 -> 0 | E43: ='Weekly Plan'!H19 -> 0 | F43: ='Weekly Plan'!I19 -> 52 | H43: ="CAPACITY CHECK"&CHAR(10)&"Full scope is "&TEXT(SUM('Task Tracker'!$L$6:$L$212),"0")&" estimated hours ("&TEXT(SUM('Task Tracker'!$L$6:$L$212)/16,"0.0")&" per week). At 20 hours per week, reduce scope or extend the schedule." -> CAPACITY CHECK Full scope is 739 estimated hours (46.2 per week). At 20 hours per week, reduce scope or extend the schedule.
A44: ='Weekly Plan'!A20 -> 15 | B44: ='Weekly Plan'!D20 -> Security and release testing | C44: ='Weekly Plan'!F20 -> 14 | D44: ='Weekly Plan'!G20 -> 0 | E44: ='Weekly Plan'!H20 -> 0 | F44: ='Weekly Plan'!I20 -> 61
A45: ='Weekly Plan'!A21 -> 16 | B45: ='Weekly Plan'!D21 -> Deployment and portfolio packaging | C45: ='Weekly Plan'!F21 -> 14 | D45: ='Weekly Plan'!G21 -> 0 | E45: ='Weekly Plan'!H21 -> 0 | F45: ='Weekly Plan'!I21 -> 53

Sheet Task Tracker
A1: ULTRAS — TASK TRACKER
A3: Update Status, Progress %, Actual Hours, Evidence/Link and Notes. Dashboard and weekly summaries calculate automatically.
A5: Task ID | B5: Phase | C5: Week | D5: Category | E5: Task | F5: Completion Criteria | G5: Start Date | H5: Due Date | I5: Priority | J5: Status | K5: Progress % | L5: Est. Hours | M5: Actual Hours | N5: Dependency | O5: Owner | P5: Days Remaining | Q5: Health | R5: Evidence / Link | S5: Notes
A6: W01-01 | B6: Discovery & Scope | C6: 1 | D6: Project | E6: Create the ULTRAS project repository | F6: Repository exists with clear name, description and default branch | G6: 46252 | H6: 46257 | I6: Critical | J6: Complete | K6: 1 | L6: 1 | M6: 1 | O6: Finlay | P6: =IF(OR(J6="Complete",J6="Deferred"),"",H6-TODAY()) | Q6: =IF(J6="Complete","Complete",IF(J6="Deferred","Deferred",IF(J6="Blocked","Blocked",IF(H6<TODAY(),"Overdue",IF(H6-TODAY()<=3,"Due Soon","On Track"))))) -> Complete
A7: W01-02 | B7: Discovery & Scope | C7: 1 | D7: Documentation | E7: Create README and initial folder structure | F7: README, docs, frontend, backend and ml locations are explained | G7: 46252 | H7: 46257 | I7: High | J7: Complete | K7: 1 | L7: 1.5 | M7: 1 | N7: W01-01 | O7: Finlay | P7: =IF(OR(J7="Complete",J7="Deferred"),"",H7-TODAY()) | Q7: =IF(J7="Complete","Complete",IF(J7="Deferred","Deferred",IF(J7="Blocked","Blocked",IF(H7<TODAY(),"Overdue",IF(H7-TODAY()<=3,"Due Soon","On Track"))))) -> Complete
A8: W01-03 | B8: Discovery & Scope | C8: 1 | D8: Product | E8: Write the one-page project brief | F8: Problem, audience, outcome, scope and success criteria fit on one page | G8: 46252 | H8: 46257 | I8: Critical | J8: Not Started | K8: 0 | L8: 2 | M8: 0 | O8: Finlay | P8: =IF(OR(J8="Complete",J8="Deferred"),"",H8-TODAY()) -> 5 | Q8: =IF(J8="Complete","Complete",IF(J8="Deferred","Deferred",IF(J8="Blocked","Blocked",IF(H8<TODAY(),"Overdue",IF(H8-TODAY()<=3,"Due Soon","On Track"))))) -> On Track
A9: W01-04 | B9: Discovery & Scope | C9: 1 | D9: Product | E9: Define primary and secondary users | F9: At least three evidence-oriented user descriptions are documented | G9: 46252 | H9: 46257 | I9: High | J9: Not Started | K9: 0 | L9: 1.5 | M9: 0 | N9: W01-03 | O9: Finlay | P9: =IF(OR(J9="Complete",J9="Deferred"),"",H9-TODAY()) -> 5 | Q9: =IF(J9="Complete","Complete",IF(J9="Deferred","Deferred",IF(J9="Blocked","Blocked",IF(H9<TODAY(),"Overdue",IF(H9-TODAY()<=3,"Due Soon","On Track"))))) -> On Track
A10: W01-05 | B10: Discovery & Scope | C10: 1 | D10: Product | E10: Separate P0, P1 and P2 features | F10: Every blueprint feature is assigned a release priority | G10: 46252 | H10: 46257 | I10: Critical | J10: Not Started | K10: 0 | L10: 2 | M10: 0 | N10: W01-03 | O10: Finlay | P10: =IF(OR(J10="Complete",J10="Deferred"),"",H10-TODAY()) -> 5 | Q10: =IF(J10="Complete","Complete",IF(J10="Deferred","Deferred",IF(J10="Blocked","Blocked",IF(H10<TODAY(),"Overdue",IF(H10-TODAY()<=3,"Due Soon","On Track"))))) -> On Track
A11: W01-06 | B11: Discovery & Scope | C11: 1 | D11: Product | E11: Write the explicit out-of-scope list | F11: DMs, media uploads and real-money resale are clearly excluded from P0 | G11: 46252 | H11: 46257 | I11: Critical | J11: Not Started | K11: 0 | L11: 1 | M11: 0 | N11: W01-05 | O11: Finlay | P11: =IF(OR(J11="Complete",J11="Deferred"),"",H11-TODAY()) -> 5 | Q11: =IF(J11="Complete","Complete",IF(J11="Deferred","Deferred",IF(J11="Blocked","Blocked",IF(H11<TODAY(),"Overdue",IF(H11-TODAY()<=3,"Due Soon","On Track"))))) -> On Track
A12: W01-07 | B12: Discovery & Scope | C12: 1 | D12: Documentation | E12: Create decision log and research tracker | F12: Reusable templates exist for decisions, evidence and open questions | G12: 46252 | H12: 46257 | I12: High | J12: Not Started | K12: 0 | L12: 1.5 | M12: 0 | O12: Finlay | P12: =IF(OR(J12="Complete",J12="Deferred"),"",H12-TODAY()) -> 5 | Q12: =IF(J12="Complete","Complete",IF(J12="Deferred","Deferred",IF(J12="Blocked","Blocked",IF(H12<TODAY(),"Overdue",IF(H12-TODAY()<=3,"Due Soon","On Track"))))) -> On Track
A13: W01-08 | B13: Discovery & Scope | C13: 1 | D13: Project | E13: Create the 16-week project board | F13: Tasks are visible by week, status, priority and dependency | G13: 46252 | H13: 46257 | I13: High | J13: Not Started | K13: 0 | L13: 1.5 | M13: 0 | N13: W01-05 | O13: Finlay | P13: =IF(OR(J13="Complete",J13="Deferred"),"",H13-TODAY()) -> 5 | Q13: =IF(J13="Complete","Complete",IF(J13="Deferred","Deferred",IF(J13="Blocked","Blocked",IF(H13<TODAY(),"Overdue",IF(H13-TODAY()<=3,"Due Soon","On Track"))))) -> On Track
A14: W01-09 | B14: Discovery & Scope | C14: 1 | D14: Research | E14: Define football-data provider comparison criteria | F14: Coverage, latency, history, players, limits, cost and licence are included | G14: 46252 | H14: 46257 | I14: Critical | J14: Not Started | K14: 0 | L14: 2 | M14: 0 | O14: Finlay | P14: =IF(OR(J14="Complete",J14="Deferred"),"",H14-TODAY()) -> 5 | Q14: =IF(J14="Complete","Complete",IF(J14="Deferred","Deferred",IF(J14="Blocked","Blocked",IF(H14<TODAY(),"Overdue",IF(H14-TODAY()<=3,"Due Soon","On Track"))))) -> On Track
A15: W01-10 | B15: Discovery & Scope | C15: 1 | D15: Research | E15: Shortlist and compare football-data providers | F15: At least three providers are scored with evidence and URLs | G15: 46252 | H15: 46257 | I15: Critical | J15: Not Started | K15: 0 | L15: 4 | M15: 0 | N15: W01-09 | O15: Finlay | P15: =IF(OR(J15="Complete",J15="Deferred"),"",H15-TODAY()) -> 5 | Q15: =IF(J15="Complete","Complete",IF(J15="Deferred","Deferred",IF(J15="Blocked","Blocked",IF(H15<TODAY(),"Overdue",IF(H15-TODAY()<=3,"Due Soon","On Track"))))) -> On Track
A16: W01-11 | B16: Discovery & Scope | C16: 1 | D16: Research | E16: Complete competitor experience audit | F16: Live scores, feeds, discussions, alerts, safety and links are compared | G16: 46252 | H16: 46257 | I16: High | J16: Not Started | K16: 0 | L16: 3 | M16: 0 | O16: Finlay | P16: =IF(OR(J16="Complete",J16="Deferred"),"",H16-TODAY()) -> 5 | Q16: =IF(J16="Complete","Complete",IF(J16="Deferred","Deferred",IF(J16="Blocked","Blocked",IF(H16<TODAY(),"Overdue",IF(H16-TODAY()<=3,"Due Soon","On Track"))))) -> On Track
A17: W01-12 | B17: Discovery & Scope | C17: 1 | D17: Research | E17: Write supporter interview questions | F17: Questions cover match habits, alerts, discussion, trust and safety | G17: 46252 | H17: 46257 | I17: Medium | J17: Not Started | K17: 0 | L17: 1.5 | M17: 0 | O17: Finlay | P17: =IF(OR(J17="Complete",J17="Deferred"),"",H17-TODAY()) -> 5 | Q17: =IF(J17="Complete","Complete",IF(J17="Deferred","Deferred",IF(J17="Blocked","Blocked",IF(H17<TODAY(),"Overdue",IF(H17-TODAY()<=3,"Due Soon","On Track"))))) -> On Track
A18: W01-13 | B18: Discovery & Scope | C18: 1 | D18: Research | E18: Research safety, privacy and ticket risks | F18: Initial findings and matters requiring authoritative review are recorded | G18: 46252 | H18: 46257 | I18: Critical | J18: Not Started | K18: 0 | L18: 3 | M18: 0 | O18: Finlay | P18: =IF(OR(J18="Complete",J18="Deferred"),"",H18-TODAY()) -> 5 | Q18: =IF(J18="Complete","Complete",IF(J18="Deferred","Deferred",IF(J18="Blocked","Blocked",IF(H18<TODAY(),"Overdue",IF(H18-TODAY()<=3,"Due Soon","On Track"))))) -> On Track
A19: W01-14 | B19: Discovery & Scope | C19: 1 | D19: Security | E19: Create initial product risk register | F19: Risk, impact, likelihood, mitigation and owner are recorded | G19: 46252 | H19: 46257 | I19: Critical | J19: Not Started | K19: 0 | L19: 2 | M19: 0 | N19: W01-13 | O19: Finlay | P19: =IF(OR(J19="Complete",J19="Deferred"),"",H19-TODAY()) -> 5 | Q19: =IF(J19="Complete","Complete",IF(J19="Deferred","Deferred",IF(J19="Blocked","Blocked",IF(H19<TODAY(),"Overdue",IF(H19-TODAY()<=3,"Due Soon","On Track"))))) -> On Track
A20: W01-15 | B20: Discovery & Scope | C20: 1 | D20: Documentation | E20: Draft the Product Requirements Document | F20: P0 requirements are testable and mapped to user value | G20: 46252 | H20: 46257 | I20: Critical | J20: Not Started | K20: 0 | L20: 4 | M20: 0 | N20: W01-05 | O20: Finlay | P20: =IF(OR(J20="Complete",J20="Deferred"),"",H20-TODAY()) -> 5 | Q20: =IF(J20="Complete","Complete",IF(J20="Deferred","Deferred",IF(J20="Blocked","Blocked",IF(H20<TODAY(),"Overdue",IF(H20-TODAY()<=3,"Due Soon","On Track"))))) -> On Track
A21: W01-16 | B21: Discovery & Scope | C21: 1 | D21: Product | E21: Write P0 user stories and acceptance criteria | F21: Every P0 journey has testable acceptance conditions | G21: 46252 | H21: 46257 | I21: Critical | J21: Not Started | K21: 0 | L21: 3 | M21: 0 | N21: W01-15 | O21: Finlay | P21: =IF(OR(J21="Complete",J21="Deferred"),"",H21-TODAY()) -> 5 | Q21: =IF(J21="Complete","Complete",IF(J21="Deferred","Deferred",IF(J21="Blocked","Blocked",IF(H21<TODAY(),"Overdue",IF(H21-TODAY()<=3,"Due Soon","On Track"))))) -> On Track
A22: W01-17 | B22: Discovery & Scope | C22: 1 | D22: Project | E22: Define portfolio definition of done | F22: Deployment, tests, docs, ML evidence and demo requirements are explicit | G22: 46252 | H22: 46257 | I22: High | J22: Not Started | K22: 0 | L22: 1.5 | M22: 0 | N22: W01-15 | O22: Finlay | P22: =IF(OR(J22="Complete",J22="Deferred"),"",H22-TODAY()) -> 5 | Q22: =IF(J22="Complete","Complete",IF(J22="Deferred","Deferred",IF(J22="Blocked","Blocked",IF(H22<TODAY(),"Overdue",IF(H22-TODAY()<=3,"Due Soon","On Track"))))) -> On Track
A23: W02-01 | B23: UX & Product Design | C23: 2 | D23: UX | E23: Create the complete sitemap | F23: Every P0 page is placed in a clear hierarchy | G23: 46258 | H23: 46264 | I23: Critical | J23: Not Started | K23: 0 | L23: 2 | M23: 0 | N23: W01-15 | O23: Finlay | P23: =IF(OR(J23="Complete",J23="Deferred"),"",H23-TODAY()) -> 12 | Q23: =IF(J23="Complete","Complete",IF(J23="Deferred","Deferred",IF(J23="Blocked","Blocked",IF(H23<TODAY(),"Overdue",IF(H23-TODAY()<=3,"Due Soon","On Track"))))) -> On Track
A24: W02-02 | B24: UX & Product Design | C24: 2 | D24: UX | E24: Define main mobile and desktop navigation | F24: Home, Matches, Explore, Notifications and Profile are covered | G24: 46258 | H24: 46264 | I24: Critical | J24: Not Started | K24: 0 | L24: 2 | M24: 0 | N24: W02-01 | O24: Finlay | P24: =IF(OR(J24="Complete",J24="Deferred"),"",H24-TODAY()) -> 12 | Q24: =IF(J24="Complete","Complete",IF(J24="Deferred","Deferred",IF(J24="Blocked","Blocked",IF(H24<TODAY(),"Overdue",IF(H24-TODAY()<=3,"Due Soon","On Track"))))) -> On Track
A25: W02-03 | B25: UX & Product Design | C25: 2 | D25: UX | E25: Design registration and onboarding flow | F25: Registration, verification, favourites and first-feed state are shown | G25: 46258 | H25: 46264 | I25: High | J25: Not Started | K25: 0 | L25: 2.5 | M25: 0 | N25: W02-01 | O25: Finlay | P25: =IF(OR(J25="Complete",J25="Deferred"),"",H25-TODAY()) -> 12 | Q25: =IF(J25="Complete","Complete",IF(J25="Deferred","Deferred",IF(J25="Blocked","Blocked",IF(H25<TODAY(),"Overdue",IF(H25-TODAY()<=3,"Due Soon","On Track"))))) -> On Track
A26: W02-04 | B26: UX & Product Design | C26: 2 | D26: UX | E26: Design follow and notification flows | F26: Team follow and granular alert preferences have success/error states | G26: 46258 | H26: 46264 | I26: High | J26: Not Started | K26: 0 | L26: 2 | M26: 0 | N26: W02-01 | O26: Finlay | P26: =IF(OR(J26="Complete",J26="Deferred"),"",H26-TODAY()) -> 12 | Q26: =IF(J26="Complete","Complete",IF(J26="Deferred","Deferred",IF(J26="Blocked","Blocked",IF(H26<TODAY(),"Overdue",IF(H26-TODAY()<=3,"Due Soon","On Track"))))) -> On Track
A27: W02-05 | B27: UX & Product Design | C27: 2 | D27: UX | E27: Design match discussion and reporting flows | F27: Posting, reporting, blocking and moderation feedback are shown | G27: 46258 | H27: 46264 | I27: Critical | J27: Not Started | K27: 0 | L27: 3 | M27: 0 | N27: W02-01 | O27: Finlay | P27: =IF(OR(J27="Complete",J27="Deferred"),"",H27-TODAY()) -> 12 | Q27: =IF(J27="Complete","Complete",IF(J27="Deferred","Deferred",IF(J27="Blocked","Blocked",IF(H27<TODAY(),"Overdue",IF(H27-TODAY()<=3,"Due Soon","On Track"))))) -> On Track
A28: W02-06 | B28: UX & Product Design | C28: 2 | D28: UX | E28: Design official page claim flow | F28: Request, evidence, review, approval and rejection states are shown | G28: 46258 | H28: 46264 | I28: Medium | J28: Not Started | K28: 0 | L28: 2 | M28: 0 | N28: W02-01 | O28: Finlay | P28: =IF(OR(J28="Complete",J28="Deferred"),"",H28-TODAY()) -> 12 | Q28: =IF(J28="Complete","Complete",IF(J28="Deferred","Deferred",IF(J28="Blocked","Blocked",IF(H28<TODAY(),"Overdue",IF(H28-TODAY()<=3,"Due Soon","On Track"))))) -> On Track
A29: W02-07 | B29: UX & Product Design | C29: 2 | D29: UX | E29: Create low-fidelity Home feed wireframes | F29: For You, Following, empty and provider-error states are included | G29: 46258 | H29: 46264 | I29: Critical | J29: Not Started | K29: 0 | L29: 3 | M29: 0 | N29: W02-02 | O29: Finlay | P29: =IF(OR(J29="Complete",J29="Deferred"),"",H29-TODAY()) -> 12 | Q29: =IF(J29="Complete","Complete",IF(J29="Deferred","Deferred",IF(J29="Blocked","Blocked",IF(H29<TODAY(),"Overdue",IF(H29-TODAY()<=3,"Due Soon","On Track"))))) -> On Track
A30: W02-08 | B30: UX & Product Design | C30: 2 | D30: UX | E30: Create low-fidelity Match Centre wireframes | F30: Upcoming, live, half-time, final and postponed states are included | G30: 46258 | H30: 46264 | I30: Critical | J30: Not Started | K30: 0 | L30: 4 | M30: 0 | N30: W02-02 | O30: Finlay | P30: =IF(OR(J30="Complete",J30="Deferred"),"",H30-TODAY()) -> 12 | Q30: =IF(J30="Complete","Complete",IF(J30="Deferred","Deferred",IF(J30="Blocked","Blocked",IF(H30<TODAY(),"Overdue",IF(H30-TODAY()<=3,"Due Soon","On Track"))))) -> On Track
... A212: W16-14 | B212: Release & Portfolio | C212: 16 | D212: Project | E212: Complete final definition-of-done review | F212: Every P0 item is complete or explicitly documented as incomplete | G212: 46356 | H212: 46362 | I212: Critical | J212: Not Started | K212: 0 | L212: 3 | M212: 0 | N212: W16-13 | O212: Finlay | P212: =IF(OR(J212="Complete",J212="Deferred"),"",H212-TODAY()) -> 110 | Q212: =IF(J212="Complete","Complete",IF(J212="Deferred","Deferred",IF(J212="Blocked","Blocked",IF(H212<TODAY(),"Overdue",IF(H212-TODAY()<=3,"Due Soon","On Track"))))) -> On Track

Sheet Weekly Plan
A1: ULTRAS — WEEKLY PLAN
A3: Use this sheet for the weekly review. Capacity defaults to 20 hours; negative capacity gaps show where scope or dates need adjusting.
A5: Week | B5: Start | C5: End | D5: Focus | E5: Milestone | F5: Planned Tasks | G5: Complete | H5: Completion % | I5: Est. Hours | J5: Capacity Hours | K5: Capacity Gap | L5: Actual Hours | M5: Hours Variance | N5: Weekly Review Notes
A6: 1 | B6: 46252 | C6: 46257 | D6: Research and definition | E6: Approved P0 scope, research plan and product requirements | F6: =COUNTIF('Task Tracker'!$C$6:$C$212,A6) -> 17 | G6: =COUNTIFS('Task Tracker'!$C$6:$C$212,A6,'Task Tracker'!$J$6:$J$212,"Complete") -> 2 | H6: =IF(F6=0,0,G6/F6) -> 0.11764706 | I6: =SUMIF('Task Tracker'!$C$6:$C$212,A6,'Task Tracker'!$L$6:$L$212) -> 36 | J6: 20 | K6: =J6-I6 -> -16 | L6: =SUMIF('Task Tracker'!$C$6:$C$212,A6,'Task Tracker'!$M$6:$M$212) -> 2 | M6: =L6-I6 -> -34
A7: 2 | B7: 46258 | C7: 46264 | D7: UX and interface design | E7: Core flows, wireframes and visual system completed | F7: =COUNTIF('Task Tracker'!$C$6:$C$212,A7) -> 14 | G7: =COUNTIFS('Task Tracker'!$C$6:$C$212,A7,'Task Tracker'!$J$6:$J$212,"Complete") -> 0 | H7: =IF(F7=0,0,G7/F7) -> 0 | I7: =SUMIF('Task Tracker'!$C$6:$C$212,A7,'Task Tracker'!$L$6:$L$212) -> 41.5 | J7: 20 | K7: =J7-I7 -> -21.5 | L7: =SUMIF('Task Tracker'!$C$6:$C$212,A7,'Task Tracker'!$M$6:$M$212) -> 0 | M7: =L7-I7 -> -41.5
A8: 3 | B8: 46265 | C8: 46271 | D8: Technical and security design | E8: Architecture, ERD, API, threat model and test strategy approved | F8: =COUNTIF('Task Tracker'!$C$6:$C$212,A8) -> 15 | G8: =COUNTIFS('Task Tracker'!$C$6:$C$212,A8,'Task Tracker'!$J$6:$J$212,"Complete") -> 0 | H8: =IF(F8=0,0,G8/F8) -> 0 | I8: =SUMIF('Task Tracker'!$C$6:$C$212,A8,'Task Tracker'!$L$6:$L$212) -> 47.5 | J8: 20 | K8: =J8-I8 -> -27.5 | L8: =SUMIF('Task Tracker'!$C$6:$C$212,A8,'Task Tracker'!$M$6:$M$212) -> 0 | M8: =L8-I8 -> -47.5
A9: 4 | B9: 46272 | C9: 46278 | D9: Project foundation | E9: Reproducible local environment and CI pipeline | F9: =COUNTIF('Task Tracker'!$C$6:$C$212,A9) -> 12 | G9: =COUNTIFS('Task Tracker'!$C$6:$C$212,A9,'Task Tracker'!$J$6:$J$212,"Complete") -> 0 | H9: =IF(F9=0,0,G9/F9) -> 0 | I9: =SUMIF('Task Tracker'!$C$6:$C$212,A9,'Task Tracker'!$L$6:$L$212) -> 36.5 | J9: 20 | K9: =J9-I9 -> -16.5 | L9: =SUMIF('Task Tracker'!$C$6:$C$212,A9,'Task Tracker'!$M$6:$M$212) -> 0 | M9: =L9-I9 -> -36.5
A10: 5 | B10: 46279 | C10: 46285 | D10: Football data integration | E10: One competition imports and refreshes reliably | F10: =COUNTIF('Task Tracker'!$C$6:$C$212,A10) -> 12 | G10: =COUNTIFS('Task Tracker'!$C$6:$C$212,A10,'Task Tracker'!$J$6:$J$212,"Complete") -> 0 | H10: =IF(F10=0,0,G10/F10) -> 0 | I10: =SUMIF('Task Tracker'!$C$6:$C$212,A10,'Task Tracker'!$L$6:$L$212) -> 44 | J10: 20 | K10: =J10-I10 -> -24 | L10: =SUMIF('Task Tracker'!$C$6:$C$212,A10,'Task Tracker'!$M$6:$M$212) -> 0 | M10: =L10-I10 -> -44
A11: 6 | B11: 46286 | C11: 46292 | D11: Football information pages | E11: Competition, team, player and fixture pages usable | F11: =COUNTIF('Task Tracker'!$C$6:$C$212,A11) -> 11 | G11: =COUNTIFS('Task Tracker'!$C$6:$C$212,A11,'Task Tracker'!$J$6:$J$212,"Complete") -> 0 | H11: =IF(F11=0,0,G11/F11) -> 0 | I11: =SUMIF('Task Tracker'!$C$6:$C$212,A11,'Task Tracker'!$L$6:$L$212) -> 40 | J11: 20 | K11: =J11-I11 -> -20 | L11: =SUMIF('Task Tracker'!$C$6:$C$212,A11,'Task Tracker'!$M$6:$M$212) -> 0 | M11: =L11-I11 -> -40
A12: 7 | B12: 46293 | C12: 46299 | D12: Live match centre | E12: All core match states and live updates demonstrated | F12: =COUNTIF('Task Tracker'!$C$6:$C$212,A12) -> 11 | G12: =COUNTIFS('Task Tracker'!$C$6:$C$212,A12,'Task Tracker'!$J$6:$J$212,"Complete") -> 0 | H12: =IF(F12=0,0,G12/F12) -> 0 | I12: =SUMIF('Task Tracker'!$C$6:$C$212,A12,'Task Tracker'!$L$6:$L$212) -> 39 | J12: 20 | K12: =J12-I12 -> -19 | L12: =SUMIF('Task Tracker'!$C$6:$C$212,A12,'Task Tracker'!$M$6:$M$212) -> 0 | M12: =L12-I12 -> -39
A13: 8 | B13: 46300 | C13: 46306 | D13: Authentication and personalisation | E13: Secure accounts, follows and preferences working | F13: =COUNTIF('Task Tracker'!$C$6:$C$212,A13) -> 12 | G13: =COUNTIFS('Task Tracker'!$C$6:$C$212,A13,'Task Tracker'!$J$6:$J$212,"Complete") -> 0 | H13: =IF(F13=0,0,G13/F13) -> 0 | I13: =SUMIF('Task Tracker'!$C$6:$C$212,A13,'Task Tracker'!$L$6:$L$212) -> 45.5 | J13: 20 | K13: =J13-I13 -> -25.5 | L13: =SUMIF('Task Tracker'!$C$6:$C$212,A13,'Task Tracker'!$M$6:$M$212) -> 0 | M13: =L13-I13 -> -45.5
A14: 9 | B14: 46307 | C14: 46313 | D14: Community platform | E14: Feeds and match discussions working safely | F14: =COUNTIF('Task Tracker'!$C$6:$C$212,A14) -> 12 | G14: =COUNTIFS('Task Tracker'!$C$6:$C$212,A14,'Task Tracker'!$J$6:$J$212,"Complete") -> 0 | H14: =IF(F14=0,0,G14/F14) -> 0 | I14: =SUMIF('Task Tracker'!$C$6:$C$212,A14,'Task Tracker'!$L$6:$L$212) -> 48 | J14: 20 | K14: =J14-I14 -> -28 | L14: =SUMIF('Task Tracker'!$C$6:$C$212,A14,'Task Tracker'!$M$6:$M$212) -> 0 | M14: =L14-I14 -> -48
A15: 10 | B15: 46314 | C15: 46320 | D15: Moderation and safety | E15: Reports, enforcement, audit and appeals demonstrated | F15: =COUNTIF('Task Tracker'!$C$6:$C$212,A15) -> 14 | G15: =COUNTIFS('Task Tracker'!$C$6:$C$212,A15,'Task Tracker'!$J$6:$J$212,"Complete") -> 0 | H15: =IF(F15=0,0,G15/F15) -> 0 | I15: =SUMIF('Task Tracker'!$C$6:$C$212,A15,'Task Tracker'!$L$6:$L$212) -> 58 | J15: 20 | K15: =J15-I15 -> -38 | L15: =SUMIF('Task Tracker'!$C$6:$C$212,A15,'Task Tracker'!$M$6:$M$212) -> 0 | M15: =L15-I15 -> -58
A16: 11 | B16: 46321 | C16: 46327 | D16: ML dataset and baseline | E16: Leakage-safe baseline evaluated chronologically | F16: =COUNTIF('Task Tracker'!$C$6:$C$212,A16) -> 12 | G16: =COUNTIFS('Task Tracker'!$C$6:$C$212,A16,'Task Tracker'!$J$6:$J$212,"Complete") -> 0 | H16: =IF(F16=0,0,G16/F16) -> 0 | I16: =SUMIF('Task Tracker'!$C$6:$C$212,A16,'Task Tracker'!$L$6:$L$212) -> 40 | J16: 20 | K16: =J16-I16 -> -20 | L16: =SUMIF('Task Tracker'!$C$6:$C$212,A16,'Task Tracker'!$M$6:$M$212) -> 0 | M16: =L16-I16 -> -40
A17: 12 | B17: 46328 | C17: 46334 | D17: Improved ML and integration | E17: Explainable prediction appears on match page | F17: =COUNTIF('Task Tracker'!$C$6:$C$212,A17) -> 12 | G17: =COUNTIFS('Task Tracker'!$C$6:$C$212,A17,'Task Tracker'!$J$6:$J$212,"Complete") -> 0 | H17: =IF(F17=0,0,G17/F17) -> 0 | I17: =SUMIF('Task Tracker'!$C$6:$C$212,A17,'Task Tracker'!$L$6:$L$212) -> 46 | J17: 20 | K17: =J17-I17 -> -26 | L17: =SUMIF('Task Tracker'!$C$6:$C$212,A17,'Task Tracker'!$M$6:$M$212) -> 0 | M17: =L17-I17 -> -46
... A21: 16 | B21: 46356 | C21: 46362 | D21: Deployment and portfolio packaging | E21: Deployed demonstration and complete portfolio case study | F21: =COUNTIF('Task Tracker'!$C$6:$C$212,A21) -> 14 | G21: =COUNTIFS('Task Tracker'!$C$6:$C$212,A21,'Task Tracker'!$J$6:$J$212,"Complete") -> 0 | H21: =IF(F21=0,0,G21/F21) -> 0 | I21: =SUMIF('Task Tracker'!$C$6:$C$212,A21,'Task Tracker'!$L$6:$L$212) -> 53 | J21: 20 | K21: =J21-I21 -> -33 | L21: =SUMIF('Task Tracker'!$C$6:$C$212,A21,'Task Tracker'!$M$6:$M$212) -> 0 | M21: =L21-I21 -> -53

Sheet Documentation
A1: ULTRAS — DOCUMENTATION CHECKLIST
A3: Track each product, design, engineering, safety, ML and portfolio document alongside the implementation.
A5: Doc ID | B5: Document | C5: Purpose | D5: Target Week | E5: Due Date | F5: Status | G5: Reviewer | H5: Last Updated | I5: Evidence / Link | J5: Notes
A6: D01 | B6: Project brief | C6: Defines the problem, audience, scope and success criteria | D6: 1 | E6: 46257 | F6: Not Started | G6: Finlay
A7: D02 | B7: Product Requirements Document | C7: Records testable P0 product requirements | D7: 1 | E7: 46257 | F7: Not Started | G7: Finlay
A8: D03 | B8: User stories and acceptance criteria | C8: Maps user needs to testable behaviour | D8: 1 | E8: 46257 | F8: Not Started | G8: Finlay
A9: D04 | B9: Feature priority and out-of-scope register | C9: Protects the MVP from uncontrolled expansion | D9: 1 | E9: 46257 | F9: Not Started | G9: Finlay
A10: D05 | B10: Football-data provider comparison | C10: Supports provider and competition selection | D10: 1 | E10: 46257 | F10: Not Started | G10: Finlay
A11: D06 | B11: Competitor audit | C11: Records useful patterns and differentiation | D11: 1 | E11: 46257 | F11: Not Started | G11: Finlay
A12: D07 | B12: Research summary and open questions | C12: Separates evidence from unresolved assumptions | D12: 1 | E12: 46257 | F12: Not Started | G12: Finlay
A13: D08 | B13: Product risk register | C13: Tracks product, technical, safety and delivery risk | D13: 1 | E13: 46257 | F13: Not Started | G13: Finlay
A14: D09 | B14: Sitemap | C14: Defines page hierarchy and navigation | D14: 2 | E14: 46264 | F14: Not Started | G14: Finlay
A15: D10 | B15: Core user-flow diagrams | C15: Documents critical user and moderator journeys | D15: 2 | E15: 46264 | F15: Not Started | G15: Finlay
A16: D11 | B16: Low-fidelity wireframes | C16: Validates layout before visual polish | D16: 2 | E16: 46264 | F16: Not Started | G16: Finlay
A17: D12 | B17: High-fidelity core screens | C17: Defines intended interface quality | D17: 2 | E17: 46264 | F17: Not Started | G17: Finlay
... A42: D37 | B42: CV and portfolio case study | C42: Presents the project for applications | D42: 16 | E42: 46362 | F42: Not Started | G42: Finlay

Sheet Research Log
A1: ULTRAS — RESEARCH LOG
A3: Record sources, findings and decisions. Keep factual evidence separate from assumptions and future questions.
A5: Research ID | B5: Stream | C5: Question | D5: Suggested Method | E5: Target Week | F5: Due Date | G5: Status | H5: Source URL | I5: Finding | J5: Decision / Impact | K5: Reviewed On | L5: Notes
A6: R01 | B6: Football data | C6: Which provider best covers the selected competition, live latency, history, line-ups and player data? | D6: Provider matrix and trial requests | E6: 1 | F6: 46257 | G6: Not Started
A7: R02 | B7: Data licensing | C7: What may be stored, displayed and used for ML or a public portfolio? | D7: Provider terms and direct clarification | E7: 1 | F7: 46257 | G7: Not Started
A8: R03 | B8: Initial competition | C8: Which competition has the most complete affordable dataset? | D8: Coverage comparison | E8: 1 | F8: 46257 | G8: Not Started
A9: R04 | B9: Competitors | C9: How do current products handle scores, feeds, discussions, alerts and safety? | D9: Structured product audit | E9: 1 | F9: 46257 | G9: Not Started
A10: R05 | B10: Supporter behaviour | C10: How do users follow matches and which alerts are valuable rather than annoying? | D10: Short interviews or questionnaire | E10: 1 | F10: 46257 | G10: Not Started
A11: R06 | B11: Safety | C11: Which football-specific harms need special controls during matchday traffic? | D11: Risk review and official guidance | E11: 1 | F11: 46257 | G11: Not Started
A12: R07 | B12: Privacy | C12: What data is necessary and how long should social, account and moderation data be retained? | D12: Retention assessment | E12: 3 | F12: 46271 | G12: Not Started
A13: R08 | B13: Where to watch | C13: Which official source can provide region-aware broadcast listings and deep links? | D13: Source and licence comparison | E13: 13 | F13: 46341 | G13: Not Started
A14: R09 | B14: Ticket links | C14: How can official ticket links be validated without making availability claims? | D14: Club and competition source review | E14: 13 | F14: 46341 | G14: Not Started
A15: R10 | B15: Ticket exchange | C15: Would authorised club partnerships make face-value resale legally and operationally viable? | D15: Future feasibility study only | E15: 16 | F15: 46362 | G15: Not Started
A16: R11 | B16: Authentication | C16: Which implementation best fits secure sessions, verification and recovery? | D16: Technical comparison and ADR | E16: 3 | F16: 46271 | G16: Not Started
A17: R12 | B17: Live updates | C17: Do polling, SSE or WebSockets best fit provider limits and portfolio scale? | D17: Prototype and architecture decision | E17: 3 | F17: 46271 | G17: Not Started
... A21: R16 | B21: Moderation operations | C21: What staffing assumptions and escalation process would a public launch require? | D21: Operational risk assessment | E21: 10 | F21: 46320 | G21: Not Started

Sheet Guide
A1: ULTRAS — TRACKER GUIDE
A3: A short operating guide for keeping the workbook useful throughout the build.
A5: How to use the tracker
A7: 1 | B7: Begin on Task Tracker | C7: Filter by Week, Phase, Category, Priority or Status. Update only the editable tracking fields.
A8: 2 | B8: Update progress honestly | C8: Use Progress % for partial work and Status for workflow. Mark Complete only when completion criteria are satisfied.
A9: 3 | B9: Record evidence | C9: Add a commit, pull request, design file, screenshot, test report or document link in Evidence / Link.
A10: 4 | B10: Log actual hours | C10: Actual Hours helps you compare planned effort with reality and improve later estimates.
A11: 5 | B11: Review every Sunday | C11: Use Weekly Plan to record completed work, carried tasks, risks, decisions and the next three priorities.
A12: 6 | B12: Keep research auditable | C12: Research Log should contain source URLs, short findings and the product or technical decision produced.
A13: 7 | B13: Update documentation continuously | C13: Do not wait until Week 16. Mark documents Needs Update whenever implementation changes their assumptions.
A14: 8 | B14: Protect the MVP | C14: Defer P1/P2 work while a critical P0 task, test, security control or document remains incomplete.
A16: Status definitions
A18: Not Started | B18: No material work has begun | C18: 0%
A19: In Progress | B19: The task is actively being worked on | C19: 1–89%
A20: Blocked | B20: A dependency or decision prevents progress | C20: Record blocker in Notes
A21: Ready for Review | B21: Work is complete but needs checking | C21: Usually 90–99%
A22: Complete | B22: Completion criteria and evidence are satisfied | C22: 100%
A23: Deferred | B23: Intentionally removed from the active release | C23: Explain scope decision
A25: Recommended weekly rule: complete or consciously reschedule unfinished P0 work before pulling additional future features into the sprint.

Sheet Dashboard Data
A1: Status | B1: Task Count | D1: Phase | E1: Progress | G1: Week | H1: Planned Hours | I1: Actual Hours
A2: Not Started | B2: =COUNTIF('Task Tracker'!$J$6:$J$212,A2) -> 205 | D2: Discovery & Scope | E2: =IF(COUNTIF('Task Tracker'!$B$6:$B$212,D2)=0,0,SUMIF('Task Tracker'!$B$6:$B$212,D2,'Task Tracker'!$K$6:$K$212)/COUNTIF('Task Tracker'!$B$6:$B$212,D2)) -> 0.11764706 | G2: 1 | H2: =SUMIF('Task Tracker'!$C$6:$C$212,G2,'Task Tracker'!$L$6:$L$212) -> 36 | I2: =SUMIF('Task Tracker'!$C$6:$C$212,G2,'Task Tracker'!$M$6:$M$212) -> 2
A3: In Progress | B3: =COUNTIF('Task Tracker'!$J$6:$J$212,A3) -> 0 | D3: UX & Product Design | E3: =IF(COUNTIF('Task Tracker'!$B$6:$B$212,D3)=0,0,SUMIF('Task Tracker'!$B$6:$B$212,D3,'Task Tracker'!$K$6:$K$212)/COUNTIF('Task Tracker'!$B$6:$B$212,D3)) -> 0 | G3: 2 | H3: =SUMIF('Task Tracker'!$C$6:$C$212,G3,'Task Tracker'!$L$6:$L$212) -> 41.5 | I3: =SUMIF('Task Tracker'!$C$6:$C$212,G3,'Task Tracker'!$M$6:$M$212) -> 0
A4: Blocked | B4: =COUNTIF('Task Tracker'!$J$6:$J$212,A4) -> 0 | D4: Technical Design | E4: =IF(COUNTIF('Task Tracker'!$B$6:$B$212,D4)=0,0,SUMIF('Task Tracker'!$B$6:$B$212,D4,'Task Tracker'!$K$6:$K$212)/COUNTIF('Task Tracker'!$B$6:$B$212,D4)) -> 0 | G4: 3 | H4: =SUMIF('Task Tracker'!$C$6:$C$212,G4,'Task Tracker'!$L$6:$L$212) -> 47.5 | I4: =SUMIF('Task Tracker'!$C$6:$C$212,G4,'Task Tracker'!$M$6:$M$212) -> 0
A5: Ready for Review | B5: =COUNTIF('Task Tracker'!$J$6:$J$212,A5) -> 0 | D5: Foundation & Data | E5: =IF(COUNTIF('Task Tracker'!$B$6:$B$212,D5)=0,0,SUMIF('Task Tracker'!$B$6:$B$212,D5,'Task Tracker'!$K$6:$K$212)/COUNTIF('Task Tracker'!$B$6:$B$212,D5)) -> 0 | G5: 4 | H5: =SUMIF('Task Tracker'!$C$6:$C$212,G5,'Task Tracker'!$L$6:$L$212) -> 36.5 | I5: =SUMIF('Task Tracker'!$C$6:$C$212,G5,'Task Tracker'!$M$6:$M$212) -> 0
A6: Complete | B6: =COUNTIF('Task Tracker'!$J$6:$J$212,A6) -> 2 | D6: Football Core | E6: =IF(COUNTIF('Task Tracker'!$B$6:$B$212,D6)=0,0,SUMIF('Task Tracker'!$B$6:$B$212,D6,'Task Tracker'!$K$6:$K$212)/COUNTIF('Task Tracker'!$B$6:$B$212,D6)) -> 0 | G6: 5 | H6: =SUMIF('Task Tracker'!$C$6:$C$212,G6,'Task Tracker'!$L$6:$L$212) -> 44 | I6: =SUMIF('Task Tracker'!$C$6:$C$212,G6,'Task Tracker'!$M$6:$M$212) -> 0
A7: Deferred | B7: =COUNTIF('Task Tracker'!$J$6:$J$212,A7) -> 0 | D7: Accounts & Community | E7: =IF(COUNTIF('Task Tracker'!$B$6:$B$212,D7)=0,0,SUMIF('Task Tracker'!$B$6:$B$212,D7,'Task Tracker'!$K$6:$K$212)/COUNTIF('Task Tracker'!$B$6:$B$212,D7)) -> 0 | G7: 6 | H7: =SUMIF('Task Tracker'!$C$6:$C$212,G7,'Task Tracker'!$L$6:$L$212) -> 40 | I7: =SUMIF('Task Tracker'!$C$6:$C$212,G7,'Task Tracker'!$M$6:$M$212) -> 0
D8: ML & Notifications | E8: =IF(COUNTIF('Task Tracker'!$B$6:$B$212,D8)=0,0,SUMIF('Task Tracker'!$B$6:$B$212,D8,'Task Tracker'!$K$6:$K$212)/COUNTIF('Task Tracker'!$B$6:$B$212,D8)) -> 0 | G8: 7 | H8: =SUMIF('Task Tracker'!$C$6:$C$212,G8,'Task Tracker'!$L$6:$L$212) -> 39 | I8: =SUMIF('Task Tracker'!$C$6:$C$212,G8,'Task Tracker'!$M$6:$M$212) -> 0
D9: Release & Portfolio | E9: =IF(COUNTIF('Task Tracker'!$B$6:$B$212,D9)=0,0,SUMIF('Task Tracker'!$B$6:$B$212,D9,'Task Tracker'!$K$6:$K$212)/COUNTIF('Task Tracker'!$B$6:$B$212,D9)) -> 0 | G9: 8 | H9: =SUMIF('Task Tracker'!$C$6:$C$212,G9,'Task Tracker'!$L$6:$L$212) -> 45.5 | I9: =SUMIF('Task Tracker'!$C$6:$C$212,G9,'Task Tracker'!$M$6:$M$212) -> 0
G10: 9 | H10: =SUMIF('Task Tracker'!$C$6:$C$212,G10,'Task Tracker'!$L$6:$L$212) -> 48 | I10: =SUMIF('Task Tracker'!$C$6:$C$212,G10,'Task Tracker'!$M$6:$M$212) -> 0
G11: 10 | H11: =SUMIF('Task Tracker'!$C$6:$C$212,G11,'Task Tracker'!$L$6:$L$212) -> 58 | I11: =SUMIF('Task Tracker'!$C$6:$C$212,G11,'Task Tracker'!$M$6:$M$212) -> 0
G12: 11 | H12: =SUMIF('Task Tracker'!$C$6:$C$212,G12,'Task Tracker'!$L$6:$L$212) -> 40 | I12: =SUMIF('Task Tracker'!$C$6:$C$212,G12,'Task Tracker'!$M$6:$M$212) -> 0
G13: 12 | H13: =SUMIF('Task Tracker'!$C$6:$C$212,G13,'Task Tracker'!$L$6:$L$212) -> 46 | I13: =SUMIF('Task Tracker'!$C$6:$C$212,G13,'Task Tracker'!$M$6:$M$212) -> 0
G14: 13 | H14: =SUMIF('Task Tracker'!$C$6:$C$212,G14,'Task Tracker'!$L$6:$L$212) -> 51 | I14: =SUMIF('Task Tracker'!$C$6:$C$212,G14,'Task Tracker'!$M$6:$M$212) -> 0
G15: 14 | H15: =SUMIF('Task Tracker'!$C$6:$C$212,G15,'Task Tracker'!$L$6:$L$212) -> 52 | I15: =SUMIF('Task Tracker'!$C$6:$C$212,G15,'Task Tracker'!$M$6:$M$212) -> 0
G16: 15 | H16: =SUMIF('Task Tracker'!$C$6:$C$212,G16,'Task Tracker'!$L$6:$L$212) -> 61 | I16: =SUMIF('Task Tracker'!$C$6:$C$212,G16,'Task Tracker'!$M$6:$M$212) -> 0
G17: 16 | H17: =SUMIF('Task Tracker'!$C$6:$C$212,G17,'Task Tracker'!$L$6:$L$212) -> 53 | I17: =SUMIF('Task Tracker'!$C$6:$C$212,G17,'Task Tracker'!$M$6:$M$212) -> 0
